taxon	combined_pct	n_groups_detected	n_groups_total	cv_across_groups	group_1_pct[V1V3_fwdhalf]	group_2_pct[V1V3_revhalf+V3V4_fwdhalf+V3V6_fwdhalf]	group_3_pct[V3V4_revhalf+V4+V4V6_fwdhalf]	group_4_pct[V3V6_revhalf+V4V6_revhalf]	group_5_pct[V5V8_fwdhalf]	group_6_pct[V5V8_revhalf+V6V8_revhalf+V7V8]	group_7_pct[V6V8_fwdhalf+V6V9_fwdhalf]	group_8_pct[V6V9_revhalf]
Unclassified	62.5466	8	8	0.184	77.9480	57.3836	55.1127	46.1951	54.2077	61.9834	70.5515	76.9912
Cyanobium PCC-6307	4.1622	5	8	1.361	0.0000	0.1200	3.0331	15.8470	7.6781	6.6190	0.0000	0.0000
Polynucleobacter	2.2502	6	8	1.352	0.0000	6.8843	7.2188	0.8601	1.9997	1.0074	0.0313	0.0000
Sediminibacterium	2.0235	8	8	0.550	3.5747	1.9731	0.9873	1.8013	0.8876	1.1739	1.9971	3.7927
Legionella	1.2679	7	8	0.428	0.0000	1.3682	1.5033	1.7608	1.1638	1.2942	1.5359	1.5171
Ferruginibacter	1.1086	8	8	0.318	1.1142	1.1858	0.9281	1.3054	0.5326	0.9697	1.0630	1.7699
Aeromonas	1.1049	5	8	0.931	0.0000	2.5060	1.4401	2.2364	1.7062	0.9503	0.0000	0.0000
CL500-29 marine group	1.0270	7	8	0.600	0.0000	1.1858	0.7629	1.3762	0.6781	0.9891	1.0748	2.1492
Mycobacterium	0.7693	7	8	0.531	0.0000	0.7057	1.2667	0.9006	0.3600	0.9162	0.9302	1.0746
Candidatus Renichlamydia	0.7312	4	8	1.510	0.0000	0.7777	0.7690	0.0000	0.0000	3.2360	1.0669	0.0000
FukuN18 freshwater group	0.6094	6	8	1.149	0.1857	0.0000	0.0224	0.0000	0.8581	0.7242	1.1256	1.9595
Candidatus Rhabdochlamydia	0.5936	1	8	NA	0.0000	0.0000	0.0000	0.0000	0.0000	0.0000	4.7485	0.0000
Dinghuibacter	0.5552	7	8	0.956	1.5320	0.8497	0.3610	0.0000	0.3945	0.2418	0.0508	1.0114
Fimbriiglobus	0.5062	8	8	0.739	0.9285	0.2064	0.1448	0.7994	0.0764	0.3488	1.0396	0.5057
Peredibacter	0.4565	6	8	0.733	0.0000	0.6481	0.8791	0.0000	0.3575	0.4326	0.8285	0.5057
Pirellula	0.4503	7	8	1.061	1.3928	0.1536	0.1142	0.5060	0.0000	0.1130	0.4377	0.8850
IMCC26207	0.4148	5	8	1.058	0.0000	1.0178	0.5099	0.0000	0.0000	0.4545	0.2619	1.0746
Clostridium sensu stricto 1	0.4117	6	8	0.918	0.0000	0.4849	0.7282	0.0000	0.9567	0.7571	0.0508	0.3161
Terrimonas	0.3908	7	8	1.358	1.6713	0.2160	0.2407	0.1518	0.3575	0.1337	0.3556	0.0000
hgcI clade	0.3902	6	8	0.951	0.0000	0.6433	0.6140	1.0018	0.5671	0.2528	0.0430	0.0000
Ellin6067	0.3778	5	8	1.322	0.0000	0.8833	0.8363	1.1840	0.0641	0.0547	0.0000	0.0000
Gemmatimonas	0.3673	7	8	0.515	0.0000	0.3265	0.4630	0.5970	0.2737	0.3281	0.5706	0.3793
Epulopiscium	0.3552	4	8	1.185	0.0000	1.0130	0.8281	0.0000	0.6361	0.3646	0.0000	0.0000
SM1A02	0.3529	8	8	0.629	0.6964	0.2640	0.1611	0.0304	0.2959	0.3232	0.6097	0.4425
Haliscomenobacter	0.3269	7	8	0.467	0.0000	0.2208	0.3243	0.4250	0.4561	0.3986	0.3478	0.4425
Gemmata	0.2971	6	8	1.519	0.0000	0.0000	0.0714	0.3137	0.0197	0.1519	0.4924	1.3274
Rhodoferax	0.2970	4	8	1.655	0.0000	0.4273	0.4467	1.4167	0.0000	0.0851	0.0000	0.0000
Nocardia	0.2864	6	8	0.789	0.0000	0.5329	0.4569	0.5363	0.3551	0.3123	0.0977	0.0000
Ideonella	0.2763	4	8	2.271	0.0000	0.0192	0.1122	1.8114	0.0000	0.2673	0.0000	0.0000
Oligoflexus	0.2668	7	8	1.889	1.4856	0.0384	0.0347	0.0000	0.0247	0.0510	0.1837	0.3161
Flavobacterium	0.2656	5	8	0.968	0.0000	0.2736	0.4080	0.3643	0.7274	0.3512	0.0000	0.0000
Bryobacter	0.2592	6	8	0.961	0.0000	0.7537	0.2856	0.4149	0.3255	0.1653	0.1290	0.0000
Phormidium SAG 81.79	0.2478	1	8	NA	0.0000	0.0000	0.0000	0.0000	1.9824	0.0000	0.0000	0.0000
Haliangium	0.2419	5	8	1.727	0.0000	0.2400	0.1163	1.2346	0.3057	0.0389	0.0000	0.0000
Acidibacter	0.2401	4	8	2.692	0.0000	0.0288	0.0469	0.0000	1.8394	0.0061	0.0000	0.0000
Sarcina	0.2368	3	8	1.825	0.0000	0.0000	0.0000	0.0000	1.1515	0.6489	0.0938	0.0000
Zavarzinella	0.2360	5	8	2.080	1.4392	0.1584	0.0714	0.0000	0.0000	0.0474	0.1720	0.0000
Clostridium sensu stricto 9	0.2327	4	8	1.248	0.0000	0.2544	0.6690	0.6578	0.0000	0.2807	0.0000	0.0000
Longivirga	0.2273	5	8	0.919	0.0000	0.4801	0.3631	0.4453	0.3600	0.1701	0.0000	0.0000
Roseomonas	0.2159	4	8	1.373	0.0000	0.0000	0.4222	0.8096	0.3723	0.1227	0.0000	0.0000
Hydrogenophaga	0.2074	1	8	NA	0.0000	0.0000	0.0000	1.6596	0.0000	0.0000	0.0000	0.0000
AAP99	0.2020	5	8	1.222	0.0000	0.4849	0.3855	0.5970	0.1060	0.0425	0.0000	0.0000
Edaphobaculum	0.2011	6	8	0.797	0.0000	0.1584	0.2081	0.4756	0.3452	0.2297	0.1915	0.0000
Conexibacter	0.1867	4	8	1.402	0.0000	0.3072	0.7404	0.3137	0.0000	0.1325	0.0000	0.0000
Chthoniobacter	0.1806	5	8	1.295	0.0000	0.0000	0.0204	0.0000	0.2342	0.4739	0.5901	0.1264
JGI 0001001-H03	0.1768	7	8	2.254	1.1606	0.0816	0.0163	0.0304	0.0370	0.0182	0.0703	0.0000
Armatimonas	0.1722	6	8	1.913	0.9749	0.1728	0.0347	0.0708	0.0000	0.0267	0.0977	0.0000
Paeniclostridium	0.1713	3	8	2.779	0.0000	1.3490	0.0102	0.0000	0.0000	0.0109	0.0000	0.0000
Coprococcus	0.1688	1	8	NA	0.0000	0.0000	1.3503	0.0000	0.0000	0.0000	0.0000	0.0000
Lysobacter	0.1683	3	8	2.698	0.0000	1.2914	0.0428	0.0000	0.0000	0.0122	0.0000	0.0000
alphaI cluster	0.1627	3	8	2.194	0.0000	0.0000	0.0000	1.0322	0.1726	0.0972	0.0000	0.0000
Gaiella	0.1613	5	8	1.004	0.0000	0.4513	0.2896	0.2024	0.2120	0.1349	0.0000	0.0000
Romboutsia	0.1599	2	8	2.306	0.0000	0.0000	1.0505	0.0000	0.0000	0.2285	0.0000	0.0000
Telmatospirillum	0.1590	1	8	NA	0.0000	0.0000	0.0000	0.0000	1.2723	0.0000	0.0000	0.0000
Aquabacterium	0.1542	2	8	2.504	0.0000	0.0000	0.0000	1.1030	0.1307	0.0000	0.0000	0.0000
Terrisporobacter	0.1526	4	8	1.594	0.2321	0.2064	0.7058	0.0000	0.0000	0.0766	0.0000	0.0000
Lacunisphaera	0.1492	6	8	1.649	0.7428	0.1152	0.0122	0.0000	0.0764	0.1373	0.1094	0.0000
Emticicia	0.1488	6	8	1.438	0.6500	0.1584	0.0571	0.0405	0.1923	0.0924	0.0000	0.0000
Nitrospira	0.1485	7	8	0.554	0.0000	0.1632	0.1367	0.1518	0.1455	0.0875	0.2501	0.2528
Flavitalea	0.1480	3	8	1.904	0.0000	0.0000	0.0000	0.0000	0.7792	0.0571	0.3478	0.0000
Clostridium sensu stricto 11	0.1480	1	8	NA	0.0000	0.0000	0.0000	1.1840	0.0000	0.0000	0.0000	0.0000
Planctopirus	0.1464	6	8	1.042	0.4178	0.0864	0.0571	0.2226	0.0000	0.0826	0.3048	0.0000
Luteimonas	0.1443	1	8	NA	0.0000	0.0000	1.1545	0.0000	0.0000	0.0000	0.0000	0.0000
Blastocatella	0.1399	5	8	2.157	0.8821	0.0960	0.0000	0.0000	0.0395	0.0547	0.0469	0.0000
Tsukamurella	0.1358	2	8	2.368	0.0000	0.1680	0.0000	0.0000	0.0000	0.0000	0.9184	0.0000
Aurantimicrobium	0.1344	4	8	1.335	0.0000	0.0000	0.4243	0.0000	0.3427	0.2649	0.0430	0.0000
Leptothrix	0.1305	4	8	1.609	0.0000	0.6145	0.0000	0.1214	0.2047	0.1033	0.0000	0.0000
Phaselicystis	0.1237	5	8	1.904	0.0000	0.0000	0.1265	0.0000	0.0271	0.0510	0.0899	0.6953
Clostridium sensu stricto 2	0.1236	2	8	1.881	0.0000	0.4177	0.0000	0.0000	0.0000	0.5711	0.0000	0.0000
Potamolinea 1PC	0.1228	2	8	2.729	0.0000	0.0000	0.0306	0.0000	0.0000	0.9515	0.0000	0.0000
Blastopirellula	0.1227	4	8	1.617	0.4178	0.0576	0.0408	0.4655	0.0000	0.0000	0.0000	0.0000
Schlesneria	0.1213	5	8	1.205	0.2786	0.0000	0.0163	0.1518	0.0000	0.1410	0.3830	0.0000
Turicibacter	0.1211	4	8	1.507	0.0000	0.1536	0.2387	0.5161	0.0000	0.0608	0.0000	0.0000
Tolumonas	0.1196	1	8	NA	0.0000	0.0000	0.9567	0.0000	0.0000	0.0000	0.0000	0.0000
Ga0074140	0.1185	1	8	NA	0.0000	0.0000	0.0000	0.0000	0.0000	0.0000	0.0000	0.9482
Candidatus Planktophila	0.1163	4	8	1.253	0.0000	0.3313	0.3304	0.0000	0.1036	0.1653	0.0000	0.0000
Methyloglobulus	0.1054	6	8	1.154	0.0000	0.1296	0.1020	0.0000	0.0444	0.0632	0.1251	0.3793
CL500-3	0.1033	5	8	1.044	0.0000	0.0000	0.0408	0.2024	0.0000	0.1118	0.2189	0.2528
Clostridium sensu stricto 12	0.1023	5	8	1.011	0.0000	0.2832	0.1632	0.0911	0.0962	0.1847	0.0000	0.0000
Tabrizicola	0.1013	2	8	2.753	0.0000	0.0192	0.0000	0.0000	0.7915	0.0000	0.0000	0.0000
Nocardioides	0.0976	4	8	2.089	0.0000	0.0000	0.0082	0.0000	0.0173	0.5796	0.1759	0.0000
Hyphomicrobium	0.0967	2	8	1.927	0.0000	0.0000	0.0000	0.0000	0.4833	0.2904	0.0000	0.0000
Pajaroellobacter	0.0931	5	8	1.119	0.0000	0.1968	0.1061	0.0000	0.0173	0.1628	0.2619	0.0000
Candidatus Methylopumilus	0.0921	5	8	1.003	0.0000	0.2256	0.1795	0.1821	0.0814	0.0680	0.0000	0.0000
Roseococcus	0.0831	5	8	1.102	0.0000	0.1488	0.1632	0.2429	0.0666	0.0437	0.0000	0.0000
Neochlamydia	0.0825	4	8	2.316	0.0000	0.0096	0.0163	0.0000	0.5498	0.0838	0.0000	0.0000
Aquisphaera	0.0824	4	8	2.170	0.0000	0.0000	0.0122	0.0607	0.0000	0.0668	0.5198	0.0000
Telmatocola	0.0821	4	8	1.735	0.0000	0.0000	0.0184	0.3643	0.0000	0.0243	0.2501	0.0000
Bacteriovorax	0.0820	5	8	1.133	0.0000	0.1584	0.1754	0.2327	0.0370	0.0523	0.0000	0.0000
Chiayiivirga	0.0812	1	8	NA	0.6500	0.0000	0.0000	0.0000	0.0000	0.0000	0.0000	0.0000
Defluviimonas	0.0807	4	8	1.174	0.0000	0.0864	0.0000	0.2327	0.1627	0.1640	0.0000	0.0000
Rhodococcus	0.0802	3	8	1.934	0.0000	0.1488	0.0510	0.0000	0.0000	0.0000	0.4416	0.0000
Bacillus	0.0795	4	8	1.515	0.0000	0.0384	0.2346	0.3036	0.0000	0.0595	0.0000	0.0000
Pedomicrobium	0.0789	3	8	2.084	0.0000	0.0000	0.0082	0.0000	0.4611	0.1616	0.0000	0.0000
Rhodobacter	0.0781	3	8	1.789	0.0000	0.0240	0.0000	0.2530	0.0000	0.3475	0.0000	0.0000
Synechococcus MBIC10613	0.0774	1	8	NA	0.0000	0.0000	0.0000	0.0000	0.6189	0.0000	0.0000	0.0000
Tundrisphaera	0.0758	4	8	1.503	0.0000	0.0000	0.0286	0.2631	0.0000	0.0644	0.2501	0.0000
SH-PL14	0.0734	2	8	2.665	0.5571	0.0000	0.0000	0.0304	0.0000	0.0000	0.0000	0.0000
Craurococcus-Caldovatus	0.0726	1	8	NA	0.0000	0.5809	0.0000	0.0000	0.0000	0.0000	0.0000	0.0000
Silanimonas	0.0706	1	8	NA	0.0000	0.0000	0.0000	0.0000	0.5646	0.0000	0.0000	0.0000
Limnohabitans	0.0693	3	8	1.551	0.0000	0.2160	0.2570	0.0000	0.0814	0.0000	0.0000	0.0000
Sva0996 marine group	0.0679	1	8	NA	0.0000	0.0000	0.0000	0.0000	0.0000	0.0000	0.5432	0.0000
Limnobacter	0.0674	4	8	1.469	0.0000	0.0960	0.2631	0.1619	0.0000	0.0182	0.0000	0.0000
Comamonas	0.0671	2	8	1.940	0.0000	0.3409	0.1958	0.0000	0.0000	0.0000	0.0000	0.0000
Proteiniclasticum	0.0669	1	8	NA	0.0000	0.0000	0.0000	0.0000	0.5350	0.0000	0.0000	0.0000
Leptolyngbya SAG 2411	0.0645	3	8	1.773	0.0000	0.0768	0.0000	0.0000	0.1134	0.3257	0.0000	0.0000
Stenotrophobacter	0.0635	4	8	2.042	0.0000	0.0000	0.0000	0.0607	0.0222	0.0462	0.0000	0.3793
SH3-11	0.0618	3	8	2.011	0.0000	0.0000	0.0000	0.0000	0.0592	0.0753	0.3596	0.0000
DSSD61	0.0616	4	8	1.671	0.0000	0.1680	0.0367	0.2732	0.0000	0.0146	0.0000	0.0000
Methylibium	0.0614	2	8	2.012	0.0000	0.3361	0.1550	0.0000	0.0000	0.0000	0.0000	0.0000
Iamia	0.0605	4	8	1.816	0.0000	0.1008	0.3182	0.0000	0.0247	0.0401	0.0000	0.0000
Chthonomonas	0.0602	3	8	2.144	0.3714	0.0000	0.0000	0.0000	0.0000	0.0279	0.0821	0.0000
Rurimicrobium	0.0588	5	8	1.053	0.0000	0.0336	0.0694	0.0810	0.1652	0.0000	0.1212	0.0000
Clostridium sensu stricto 8	0.0584	3	8	1.793	0.0000	0.0000	0.1387	0.0000	0.2885	0.0401	0.0000	0.0000
Fonticella	0.0581	4	8	1.334	0.0000	0.1632	0.1387	0.1518	0.0000	0.0109	0.0000	0.0000
Litorilinea	0.0581	4	8	1.448	0.0000	0.0000	0.0143	0.2125	0.0000	0.0814	0.1563	0.0000
Lacibacter	0.0577	6	8	0.926	0.0000	0.0480	0.0714	0.1012	0.0444	0.0365	0.1602	0.0000
Clostridioides	0.0570	1	8	NA	0.0000	0.4561	0.0000	0.0000	0.0000	0.0000	0.0000	0.0000
Pelomonas	0.0543	4	8	1.521	0.0000	0.1776	0.0061	0.0000	0.1899	0.0608	0.0000	0.0000
Bradyrhizobium	0.0543	2	8	1.999	0.0000	0.0000	0.0000	0.2935	0.1405	0.0000	0.0000	0.0000
Undibacterium	0.0536	4	8	1.551	0.0000	0.0384	0.2366	0.0000	0.1085	0.0450	0.0000	0.0000
Gordonia	0.0521	2	8	2.651	0.0000	0.3937	0.0000	0.0000	0.0000	0.0000	0.0234	0.0000
Raineya	0.0512	6	8	1.643	0.0000	0.0096	0.0184	0.0000	0.0345	0.0316	0.0625	0.2528
Dechloromonas	0.0501	5	8	1.068	0.0000	0.0624	0.1469	0.0911	0.0764	0.0243	0.0000	0.0000
Aurantisolimonas	0.0492	5	8	1.312	0.0000	0.0528	0.0408	0.0708	0.0345	0.1944	0.0000	0.0000
Clostridium sensu stricto 3	0.0489	2	8	2.612	0.0000	0.0000	0.0000	0.3643	0.0271	0.0000	0.0000	0.0000
MIZ36	0.0486	2	8	2.268	0.0000	0.0000	0.0755	0.3137	0.0000	0.0000	0.0000	0.0000
Opitutus	0.0478	6	8	1.221	0.0000	0.0096	0.0163	0.1316	0.0271	0.0535	0.1446	0.0000
Paucibacter	0.0463	2	8	2.068	0.0000	0.1056	0.2652	0.0000	0.0000	0.0000	0.0000	0.0000
Salinibacterium	0.0462	1	8	NA	0.0000	0.3697	0.0000	0.0000	0.0000	0.0000	0.0000	0.0000
Chalicogloea CCALA 975	0.0456	1	8	NA	0.0000	0.0000	0.0000	0.0000	0.3649	0.0000	0.0000	0.0000
Sulfuritalea	0.0453	3	8	1.441	0.0000	0.1344	0.1469	0.0810	0.0000	0.0000	0.0000	0.0000
Candidatus Nostocoida	0.0448	2	8	2.050	0.0000	0.0000	0.0000	0.2530	0.0000	0.0000	0.1055	0.0000
Dongia	0.0435	4	8	1.254	0.0000	0.0000	0.0959	0.0000	0.0912	0.0279	0.1329	0.0000
Synechococcus CC9902	0.0435	1	8	NA	0.0000	0.0000	0.0000	0.0000	0.3477	0.0000	0.0000	0.0000
Rhodocyclus	0.0420	3	8	1.970	0.0000	0.0000	0.0877	0.2327	0.0000	0.0158	0.0000	0.0000
Rubrivivax	0.0414	2	8	1.864	0.0000	0.1824	0.1489	0.0000	0.0000	0.0000	0.0000	0.0000
UTCFX1	0.0406	1	8	NA	0.3250	0.0000	0.0000	0.0000	0.0000	0.0000	0.0000	0.0000
Galbitalea	0.0405	1	8	NA	0.0000	0.0000	0.0000	0.3238	0.0000	0.0000	0.0000	0.0000
Leptolyngbya ANT.L52.2	0.0402	2	8	1.917	0.0000	0.0000	0.0000	0.0000	0.1233	0.1981	0.0000	0.0000
Niastella	0.0395	2	8	2.003	0.0000	0.0000	0.0000	0.0000	0.2145	0.0000	0.1016	0.0000
Fictibacillus	0.0390	1	8	NA	0.0000	0.3120	0.0000	0.0000	0.0000	0.0000	0.0000	0.0000
Calothrix PCC-6303	0.0388	1	8	NA	0.0000	0.0000	0.0000	0.0000	0.3107	0.0000	0.0000	0.0000
SWB02	0.0376	2	8	2.146	0.0000	0.0000	0.0000	0.0000	0.2268	0.0741	0.0000	0.0000
OLB12	0.0372	4	8	1.271	0.0000	0.0000	0.0510	0.0000	0.0321	0.1009	0.1133	0.0000
Puia	0.0368	1	8	NA	0.0000	0.0000	0.0000	0.0000	0.0000	0.2941	0.0000	0.0000
Pseudoflavitalea	0.0364	1	8	NA	0.0000	0.0000	0.0000	0.0000	0.2909	0.0000	0.0000	0.0000
Leptolyngbya RV74	0.0358	1	8	NA	0.0000	0.0000	0.0000	0.0000	0.2860	0.0000	0.0000	0.0000
Azohydromonas	0.0347	2	8	1.852	0.0000	0.1392	0.1387	0.0000	0.0000	0.0000	0.0000	0.0000
Rhizobacter	0.0344	1	8	NA	0.0000	0.0000	0.2754	0.0000	0.0000	0.0000	0.0000	0.0000
FFCH5858	0.0342	1	8	NA	0.0000	0.2736	0.0000	0.0000	0.0000	0.0000	0.0000	0.0000
JSC-12	0.0340	2	8	1.852	0.0000	0.0000	0.1367	0.0000	0.1356	0.0000	0.0000	0.0000
marine group	0.0336	2	8	2.742	0.0000	0.0000	0.0000	0.0000	0.2614	0.0073	0.0000	0.0000
Cetobacterium	0.0327	4	8	1.115	0.0000	0.0528	0.0694	0.0000	0.0863	0.0535	0.0000	0.0000
966-1	0.0319	4	8	1.266	0.0000	0.0768	0.0714	0.0000	0.0912	0.0158	0.0000	0.0000
Mucilaginibacter	0.0316	5	8	0.932	0.0000	0.0720	0.0326	0.0000	0.0468	0.0352	0.0664	0.0000
Cerasicoccus	0.0311	4	8	1.326	0.0000	0.0000	0.0143	0.0708	0.0592	0.1045	0.0000	0.0000
Bdellovibrio	0.0309	4	8	1.518	0.0000	0.0912	0.1183	0.0000	0.0247	0.0134	0.0000	0.0000
Flavisolibacter	0.0304	1	8	NA	0.0000	0.0000	0.0000	0.0000	0.0000	0.2430	0.0000	0.0000
Candidatus Accumulibacter	0.0303	2	8	1.993	0.0000	0.1632	0.0796	0.0000	0.0000	0.0000	0.0000	0.0000
Alsobacter	0.0297	2	8	1.854	0.0000	0.0000	0.1244	0.0000	0.1134	0.0000	0.0000	0.0000
Ramlibacter	0.0295	2	8	2.436	0.0000	0.0000	0.0306	0.0000	0.0000	0.2054	0.0000	0.0000
Cellulosilyticum	0.0294	3	8	2.153	0.0000	0.0000	0.0224	0.0000	0.0296	0.1835	0.0000	0.0000
Pseudoxanthomonas	0.0289	1	8	NA	0.0000	0.0000	0.0000	0.0000	0.0000	0.2309	0.0000	0.0000
OM60(NOR5) clade	0.0288	5	8	1.692	0.0000	0.0144	0.0102	0.0000	0.0222	0.0389	0.1446	0.0000
Clostridium sensu stricto 13	0.0278	3	8	2.105	0.0000	0.0192	0.1693	0.0000	0.0000	0.0340	0.0000	0.0000
Segetibacter	0.0277	3	8	1.396	0.0000	0.0864	0.0673	0.0000	0.0000	0.0680	0.0000	0.0000
Anaeromyxobacter	0.0275	2	8	1.887	0.0000	0.0912	0.1285	0.0000	0.0000	0.0000	0.0000	0.0000
Candidatus Chloroploca	0.0273	4	8	1.619	0.0000	0.0192	0.0184	0.0000	0.0000	0.0547	0.0000	0.1264
HdN1	0.0269	1	8	NA	0.0000	0.0000	0.0000	0.0000	0.0000	0.0000	0.2150	0.0000
Ohtaekwangia	0.0266	2	8	2.401	0.0000	0.0000	0.0000	0.0000	0.1825	0.0304	0.0000	0.0000
Geitlerinema LD9	0.0264	2	8	1.966	0.0000	0.0000	0.0000	0.0000	0.1381	0.0729	0.0000	0.0000
Afipia	0.0264	2	8	2.177	0.0000	0.0000	0.0490	0.1619	0.0000	0.0000	0.0000	0.0000
Ruminiclostridium	0.0252	3	8	1.400	0.0000	0.0000	0.0755	0.0000	0.0715	0.0547	0.0000	0.0000
Curvibacter	0.0249	2	8	1.860	0.0000	0.0912	0.1081	0.0000	0.0000	0.0000	0.0000	0.0000
Luteolibacter	0.0242	3	8	1.385	0.0000	0.0000	0.0000	0.0000	0.0641	0.0595	0.0703	0.0000
Paraclostridium	0.0242	1	8	NA	0.0000	0.0000	0.1938	0.0000	0.0000	0.0000	0.0000	0.0000
Fibrisoma	0.0232	1	8	NA	0.1857	0.0000	0.0000	0.0000	0.0000	0.0000	0.0000	0.0000
UCG-004	0.0232	1	8	NA	0.1857	0.0000	0.0000	0.0000	0.0000	0.0000	0.0000	0.0000
Cytophaga	0.0230	3	8	1.706	0.0000	0.0000	0.0000	0.0000	0.0666	0.0158	0.1016	0.0000
Kaistia	0.0222	1	8	NA	0.0000	0.0000	0.0000	0.0000	0.1775	0.0000	0.0000	0.0000
Cephaloticoccus	0.0216	4	8	1.601	0.0000	0.0000	0.0204	0.1012	0.0173	0.0340	0.0000	0.0000
Calothrix NIES-2100	0.0216	1	8	NA	0.0000	0.0000	0.0000	0.0000	0.1726	0.0000	0.0000	0.0000
Leptolyngbya EcFYyyy-00	0.0214	1	8	NA	0.0000	0.0000	0.0000	0.0000	0.0000	0.1713	0.0000	0.0000
Candidatus Xenolissoclinum	0.0213	1	8	NA	0.0000	0.0000	0.0000	0.0000	0.0000	0.1701	0.0000	0.0000
Candidatus Protochlamydia	0.0200	4	8	1.351	0.0000	0.0672	0.0061	0.0000	0.0444	0.0425	0.0000	0.0000
Sulfitobacter	0.0200	1	8	NA	0.0000	0.0000	0.0000	0.0000	0.0000	0.0000	0.1602	0.0000
Flexibacter	0.0198	1	8	NA	0.0000	0.1584	0.0000	0.0000	0.0000	0.0000	0.0000	0.0000
Simplicispira	0.0196	1	8	NA	0.0000	0.0000	0.1571	0.0000	0.0000	0.0000	0.0000	0.0000
Ilumatobacter	0.0196	3	8	1.655	0.0000	0.0864	0.0510	0.0000	0.0000	0.0194	0.0000	0.0000
Fimbriimonas	0.0195	1	8	NA	0.0000	0.0000	0.0000	0.0000	0.0000	0.0000	0.1563	0.0000
Acidovorax	0.0184	2	8	2.477	0.0000	0.0000	0.1305	0.0000	0.0000	0.0170	0.0000	0.0000
RB41	0.0184	1	8	NA	0.0000	0.0000	0.0000	0.0000	0.0000	0.1470	0.0000	0.0000
Leeia	0.0181	3	8	1.934	0.0000	0.0192	0.0245	0.1012	0.0000	0.0000	0.0000	0.0000
Lachnospiraceae NK4B4 group	0.0180	1	8	NA	0.0000	0.1440	0.0000	0.0000	0.0000	0.0000	0.0000	0.0000
Candidatus Alysiosphaera	0.0178	2	8	2.361	0.0000	0.1200	0.0224	0.0000	0.0000	0.0000	0.0000	0.0000
Abditibacterium	0.0178	3	8	2.480	0.0000	0.0000	0.0041	0.0000	0.0000	0.0000	0.0117	0.1264
Candidatus Planktoluna	0.0177	3	8	1.447	0.0000	0.0000	0.0490	0.0607	0.0321	0.0000	0.0000	0.0000
mle1-7	0.0174	3	8	1.709	0.0000	0.0336	0.0836	0.0000	0.0000	0.0219	0.0000	0.0000
Chloronema	0.0172	3	8	1.826	0.0000	0.0000	0.0000	0.0000	0.0296	0.0182	0.0899	0.0000
Noviherbaspirillum	0.0168	1	8	NA	0.0000	0.1344	0.0000	0.0000	0.0000	0.0000	0.0000	0.0000
BD1-7 clade	0.0167	4	8	1.459	0.0000	0.0000	0.0122	0.0000	0.0247	0.0267	0.0703	0.0000
Nostoc PCC-7524	0.0166	1	8	NA	0.0000	0.0000	0.0000	0.0000	0.1331	0.0000	0.0000	0.0000
Youngiibacter	0.0163	1	8	NA	0.0000	0.0000	0.0000	0.0000	0.1307	0.0000	0.0000	0.0000
RS25G	0.0162	2	8	2.728	0.0000	0.0000	0.0041	0.0000	0.1257	0.0000	0.0000	0.0000
Falsibacillus	0.0161	1	8	NA	0.0000	0.0000	0.1285	0.0000	0.0000	0.0000	0.0000	0.0000
Pseudanabaena PCC-7429	0.0160	2	8	2.442	0.0000	0.0000	0.0163	0.1113	0.0000	0.0000	0.0000	0.0000
Trichodesmium IMS101	0.0152	1	8	NA	0.0000	0.0000	0.0000	0.1214	0.0000	0.0000	0.0000	0.0000
Desertifilum KR2012-2	0.0148	1	8	NA	0.0000	0.0000	0.0000	0.0000	0.1184	0.0000	0.0000	0.0000
Methylorosula	0.0148	1	8	NA	0.0000	0.0000	0.0000	0.0000	0.1184	0.0000	0.0000	0.0000
Sporichthya	0.0148	3	8	2.141	0.0000	0.0000	0.0184	0.0000	0.0912	0.0085	0.0000	0.0000
Pseudorhodobacter	0.0148	2	8	2.101	0.0000	0.0864	0.0000	0.0000	0.0000	0.0316	0.0000	0.0000
Rhodovarius	0.0146	2	8	2.445	0.0000	0.0000	0.1020	0.0000	0.0148	0.0000	0.0000	0.0000
Plesiomonas	0.0144	2	8	1.930	0.0000	0.0720	0.0428	0.0000	0.0000	0.0000	0.0000	0.0000
Roseburia	0.0142	1	8	NA	0.0000	0.0000	0.0000	0.0000	0.1134	0.0000	0.0000	0.0000
Microcystis PCC-7914	0.0141	1	8	NA	0.0000	0.0000	0.0000	0.0000	0.0000	0.1130	0.0000	0.0000
Runella	0.0141	5	8	0.883	0.0000	0.0192	0.0184	0.0000	0.0321	0.0194	0.0234	0.0000
Reyranella	0.0140	3	8	1.610	0.0000	0.0000	0.0592	0.0000	0.0370	0.0158	0.0000	0.0000
Streptomyces	0.0135	2	8	1.947	0.0000	0.0000	0.0694	0.0000	0.0000	0.0389	0.0000	0.0000
Hydrobacter	0.0133	1	8	NA	0.0000	0.0000	0.1061	0.0000	0.0000	0.0000	0.0000	0.0000
Rhodoluna	0.0133	1	8	NA	0.0000	0.0000	0.0000	0.0000	0.1060	0.0000	0.0000	0.0000
Acidothermus	0.0132	1	8	NA	0.0000	0.0000	0.0000	0.0000	0.0000	0.0000	0.1055	0.0000
Nordella	0.0131	1	8	NA	0.0000	0.0000	0.0000	0.0000	0.0000	0.1045	0.0000	0.0000
Sandarakinorhabdus	0.0129	1	8	NA	0.0000	0.0000	0.0000	0.0000	0.1036	0.0000	0.0000	0.0000
Nakamurella	0.0128	2	8	1.978	0.0000	0.0000	0.0347	0.0000	0.0000	0.0680	0.0000	0.0000
CENA359	0.0126	1	8	NA	0.0000	0.0000	0.0000	0.0000	0.1011	0.0000	0.0000	0.0000
Pseudarcicella	0.0123	4	8	1.096	0.0000	0.0288	0.0265	0.0000	0.0247	0.0182	0.0000	0.0000
Anaerosporobacter	0.0120	1	8	NA	0.0000	0.0000	0.0959	0.0000	0.0000	0.0000	0.0000	0.0000
Lachnospiraceae UCG-008	0.0118	1	8	NA	0.0000	0.0000	0.0000	0.0000	0.0000	0.0948	0.0000	0.0000
Roseivirga	0.0117	1	8	NA	0.0000	0.0000	0.0000	0.0000	0.0000	0.0936	0.0000	0.0000
Lautropia	0.0113	2	8	1.918	0.0000	0.0000	0.0347	0.0000	0.0000	0.0559	0.0000	0.0000
Ahniella	0.0112	2	8	1.891	0.0000	0.0528	0.0367	0.0000	0.0000	0.0000	0.0000	0.0000
LD29	0.0111	3	8	1.516	0.0000	0.0000	0.0000	0.0000	0.0444	0.0207	0.0234	0.0000
ADurb.Bin063-1	0.0110	2	8	1.981	0.0000	0.0000	0.0000	0.0000	0.0296	0.0000	0.0586	0.0000
Candidatus Solibacter	0.0110	2	8	1.862	0.0000	0.0480	0.0000	0.0000	0.0000	0.0401	0.0000	0.0000
Waddlia	0.0107	1	8	NA	0.0000	0.0000	0.0000	0.0000	0.0000	0.0000	0.0860	0.0000
Pseudonocardia	0.0107	1	8	NA	0.0000	0.0000	0.0857	0.0000	0.0000	0.0000	0.0000	0.0000
Geothrix	0.0106	3	8	1.657	0.0000	0.0384	0.0000	0.0000	0.0000	0.0073	0.0391	0.0000
Limnothrix	0.0103	2	8	2.136	0.0000	0.0000	0.0000	0.0000	0.0616	0.0207	0.0000	0.0000
Haematobacter	0.0103	1	8	NA	0.0000	0.0000	0.0000	0.0000	0.0000	0.0000	0.0821	0.0000
Rudanella	0.0100	3	8	1.387	0.0000	0.0240	0.0265	0.0000	0.0000	0.0292	0.0000	0.0000
Leptolyngbya FYG	0.0099	1	8	NA	0.0000	0.0000	0.0000	0.0000	0.0000	0.0790	0.0000	0.0000
Arthronema SAG 12.89	0.0098	2	8	2.235	0.0000	0.0624	0.0163	0.0000	0.0000	0.0000	0.0000	0.0000
Pir2 lineage	0.0098	1	8	NA	0.0000	0.0000	0.0000	0.0000	0.0000	0.0000	0.0782	0.0000
Tomitella	0.0098	1	8	NA	0.0000	0.0000	0.0000	0.0000	0.0000	0.0000	0.0782	0.0000
Oscillochloris	0.0097	3	8	1.823	0.0000	0.0000	0.0122	0.0000	0.0000	0.0146	0.0508	0.0000
Piscinibacter	0.0097	2	8	1.866	0.0000	0.0000	0.0428	0.0000	0.0345	0.0000	0.0000	0.0000
Prosthecobacter	0.0097	3	8	1.609	0.0000	0.0000	0.0000	0.0000	0.0173	0.0170	0.0430	0.0000
Wolbachia	0.0096	1	8	NA	0.0000	0.0768	0.0000	0.0000	0.0000	0.0000	0.0000	0.0000
Clostridium sensu stricto 7	0.0096	1	8	NA	0.0000	0.0000	0.0000	0.0000	0.0764	0.0000	0.0000	0.0000
Phaeodactylibacter	0.0094	2	8	2.273	0.0000	0.0144	0.0000	0.0607	0.0000	0.0000	0.0000	0.0000
Diplosphaera	0.0092	1	8	NA	0.0000	0.0000	0.0000	0.0000	0.0740	0.0000	0.0000	0.0000
Oikopleura	0.0092	3	8	1.811	0.0000	0.0000	0.0082	0.0000	0.0000	0.0182	0.0469	0.0000
Chloracidobacterium	0.0091	4	8	1.285	0.0000	0.0000	0.0061	0.0304	0.0000	0.0170	0.0195	0.0000
Pseudorhodoferax	0.0087	1	8	NA	0.0000	0.0000	0.0694	0.0000	0.0000	0.0000	0.0000	0.0000
FukuN57	0.0086	1	8	NA	0.0000	0.0000	0.0000	0.0000	0.0690	0.0000	0.0000	0.0000
Sphingopyxis	0.0086	2	8	2.405	0.0000	0.0000	0.0000	0.0000	0.0592	0.0097	0.0000	0.0000
Phormidium SAG 37.90	0.0086	2	8	2.311	0.0000	0.0000	0.0000	0.0000	0.0567	0.0122	0.0000	0.0000
EcFYyy-200	0.0084	1	8	NA	0.0000	0.0000	0.0000	0.0000	0.0000	0.0668	0.0000	0.0000
Labilithrix	0.0083	1	8	NA	0.0000	0.0000	0.0000	0.0000	0.0666	0.0000	0.0000	0.0000
Herbinix	0.0082	2	8	2.200	0.0000	0.0000	0.0510	0.0000	0.0000	0.0146	0.0000	0.0000
Nitratireductor	0.0080	1	8	NA	0.0000	0.0000	0.0000	0.0000	0.0641	0.0000	0.0000	0.0000
Flavihumibacter	0.0080	2	8	2.534	0.0000	0.0576	0.0000	0.0000	0.0000	0.0061	0.0000	0.0000
Candidatus Omnitrophus	0.0079	3	8	1.732	0.0000	0.0000	0.0122	0.0000	0.0000	0.0122	0.0391	0.0000
[Aquaspirillum] arcticum group	0.0078	2	8	1.919	0.0000	0.0240	0.0388	0.0000	0.0000	0.0000	0.0000	0.0000
Ereboglobus	0.0078	1	8	NA	0.0000	0.0000	0.0000	0.0000	0.0000	0.0000	0.0625	0.0000
Methylocaldum	0.0078	1	8	NA	0.0000	0.0000	0.0000	0.0000	0.0000	0.0000	0.0625	0.0000
Anaerobacterium	0.0078	1	8	NA	0.0000	0.0624	0.0000	0.0000	0.0000	0.0000	0.0000	0.0000
Sideroxydans	0.0078	1	8	NA	0.0000	0.0624	0.0000	0.0000	0.0000	0.0000	0.0000	0.0000
Chryseobacterium	0.0078	4	8	1.380	0.0000	0.0096	0.0061	0.0000	0.0296	0.0170	0.0000	0.0000
P3OB-42	0.0078	4	8	1.267	0.0000	0.0240	0.0184	0.0000	0.0148	0.0049	0.0000	0.0000
Fluviicola	0.0077	2	8	1.854	0.0000	0.0000	0.0000	0.0000	0.0321	0.0292	0.0000	0.0000
Macellibacteroides	0.0076	2	8	2.174	0.0000	0.0000	0.0143	0.0000	0.0468	0.0000	0.0000	0.0000
Meiothermus	0.0074	3	8	2.359	0.0000	0.0000	0.0041	0.0506	0.0000	0.0049	0.0000	0.0000
Denitratisoma	0.0074	1	8	NA	0.0000	0.0000	0.0000	0.0000	0.0592	0.0000	0.0000	0.0000
Luedemannella	0.0073	1	8	NA	0.0000	0.0000	0.0000	0.0000	0.0000	0.0583	0.0000	0.0000
Spirochaeta 2	0.0071	3	8	1.598	0.0000	0.0192	0.0082	0.0000	0.0296	0.0000	0.0000	0.0000
Leptolyngbya ANT.L67.1	0.0071	1	8	NA	0.0000	0.0000	0.0000	0.0000	0.0567	0.0000	0.0000	0.0000
Kitasatospora	0.0069	1	8	NA	0.0000	0.0000	0.0551	0.0000	0.0000	0.0000	0.0000	0.0000
Polymorphobacter	0.0068	1	8	NA	0.0000	0.0000	0.0000	0.0000	0.0000	0.0547	0.0000	0.0000
Subgroup 10	0.0068	4	8	1.213	0.0000	0.0000	0.0061	0.0000	0.0173	0.0194	0.0117	0.0000
Cupriavidus	0.0068	1	8	NA	0.0000	0.0000	0.0000	0.0000	0.0542	0.0000	0.0000	0.0000
Methylosinus	0.0068	1	8	NA	0.0000	0.0000	0.0000	0.0000	0.0542	0.0000	0.0000	0.0000
Methylocystis	0.0067	2	8	1.895	0.0000	0.0000	0.0000	0.0000	0.0321	0.0219	0.0000	0.0000
Chlamydia	0.0067	3	8	1.506	0.0000	0.0000	0.0000	0.0000	0.0247	0.0097	0.0195	0.0000
Aquicella	0.0067	3	8	1.715	0.0000	0.0000	0.0184	0.0304	0.0000	0.0049	0.0000	0.0000
Acidocella	0.0066	1	8	NA	0.0000	0.0528	0.0000	0.0000	0.0000	0.0000	0.0000	0.0000
Paenibacillus	0.0066	2	8	2.095	0.0000	0.0384	0.0143	0.0000	0.0000	0.0000	0.0000	0.0000
Longilinea	0.0065	1	8	NA	0.0000	0.0000	0.0000	0.0000	0.0000	0.0523	0.0000	0.0000
Sporocytophaga	0.0065	2	8	2.263	0.0000	0.0000	0.0102	0.0000	0.0419	0.0000	0.0000	0.0000
Spirosoma	0.0065	1	8	NA	0.0000	0.0000	0.0000	0.0000	0.0518	0.0000	0.0000	0.0000
Clostridium sensu stricto 10	0.0065	2	8	2.608	0.0000	0.0480	0.0000	0.0000	0.0000	0.0036	0.0000	0.0000
Kineosporia	0.0062	2	8	1.893	0.0000	0.0000	0.0204	0.0000	0.0296	0.0000	0.0000	0.0000
Candidatus Udaeobacter	0.0062	3	8	1.707	0.0000	0.0000	0.0041	0.0000	0.0271	0.0182	0.0000	0.0000
Turneriella	0.0061	3	8	1.516	0.0000	0.0000	0.0122	0.0000	0.0247	0.0122	0.0000	0.0000
Bauldia	0.0061	2	8	2.053	0.0000	0.0000	0.0143	0.0000	0.0345	0.0000	0.0000	0.0000
Allorhizobium-Neorhizobium-Pararhizobium-Rhizobium	0.0061	1	8	NA	0.0000	0.0000	0.0000	0.0000	0.0000	0.0486	0.0000	0.0000
MWH-Ta3	0.0060	2	8	1.918	0.0000	0.0000	0.0184	0.0000	0.0296	0.0000	0.0000	0.0000
Parvibium	0.0059	1	8	NA	0.0000	0.0000	0.0469	0.0000	0.0000	0.0000	0.0000	0.0000
Rubrobacter	0.0059	1	8	NA	0.0000	0.0000	0.0000	0.0000	0.0000	0.0000	0.0469	0.0000
Candidatus Metachlamydia	0.0059	1	8	NA	0.0000	0.0000	0.0000	0.0000	0.0468	0.0000	0.0000	0.0000
Crenothrix	0.0058	1	8	NA	0.0000	0.0000	0.0000	0.0000	0.0000	0.0462	0.0000	0.0000
Roseovarius	0.0058	1	8	NA	0.0000	0.0000	0.0000	0.0000	0.0000	0.0462	0.0000	0.0000
Cedecea	0.0057	2	8	2.580	0.0000	0.0000	0.0000	0.0000	0.0419	0.0036	0.0000	0.0000
Fulvivirga	0.0056	2	8	2.423	0.0000	0.0000	0.0000	0.0000	0.0000	0.0061	0.0391	0.0000
Pir4 lineage	0.0056	1	8	NA	0.0000	0.0000	0.0000	0.0000	0.0000	0.0450	0.0000	0.0000
Prochlorococcus MIT9313	0.0055	1	8	NA	0.0000	0.0000	0.0000	0.0000	0.0000	0.0437	0.0000	0.0000
Taibaiella	0.0054	1	8	NA	0.0000	0.0000	0.0000	0.0000	0.0000	0.0000	0.0430	0.0000
Microscilla	0.0053	1	8	NA	0.0000	0.0000	0.0000	0.0000	0.0000	0.0425	0.0000	0.0000
DEV114	0.0051	2	8	2.166	0.0000	0.0000	0.0000	0.0000	0.0000	0.0097	0.0313	0.0000
Cellvibrio	0.0051	2	8	2.229	0.0000	0.0000	0.0000	0.0000	0.0321	0.0085	0.0000	0.0000
Phaeocystidibacter	0.0051	1	8	NA	0.0000	0.0000	0.0000	0.0405	0.0000	0.0000	0.0000	0.0000
Gillisia	0.0049	1	8	NA	0.0000	0.0000	0.0000	0.0000	0.0395	0.0000	0.0000	0.0000
Planktothrix NIVA-CYA 15	0.0049	1	8	NA	0.0000	0.0000	0.0000	0.0000	0.0395	0.0000	0.0000	0.0000
Nodosilinea PCC-7104	0.0049	1	8	NA	0.0000	0.0000	0.0000	0.0000	0.0000	0.0389	0.0000	0.0000
Caloramator	0.0048	1	8	NA	0.0000	0.0000	0.0388	0.0000	0.0000	0.0000	0.0000	0.0000
Pseudobacteriovorax	0.0048	1	8	NA	0.0000	0.0000	0.0388	0.0000	0.0000	0.0000	0.0000	0.0000
RBG-16-58-14	0.0048	2	8	2.224	0.0000	0.0000	0.0082	0.0304	0.0000	0.0000	0.0000	0.0000
MND1	0.0048	1	8	NA	0.0000	0.0384	0.0000	0.0000	0.0000	0.0000	0.0000	0.0000
Methyloversatilis	0.0046	1	8	NA	0.0000	0.0000	0.0000	0.0000	0.0370	0.0000	0.0000	0.0000
Paludibacterium	0.0046	2	8	2.203	0.0000	0.0288	0.0082	0.0000	0.0000	0.0000	0.0000	0.0000
UTBCD1	0.0044	1	8	NA	0.0000	0.0000	0.0000	0.0000	0.0000	0.0352	0.0000	0.0000
Actinotalea	0.0043	1	8	NA	0.0000	0.0000	0.0000	0.0000	0.0345	0.0000	0.0000	0.0000
Scytonema VB-61278	0.0043	1	8	NA	0.0000	0.0000	0.0000	0.0000	0.0345	0.0000	0.0000	0.0000
Algoriphagus	0.0042	2	8	2.493	0.0000	0.0000	0.0000	0.0000	0.0296	0.0036	0.0000	0.0000
Ottowia	0.0041	1	8	NA	0.0000	0.0000	0.0326	0.0000	0.0000	0.0000	0.0000	0.0000
Microvirga	0.0040	1	8	NA	0.0000	0.0000	0.0000	0.0000	0.0321	0.0000	0.0000	0.0000
Siphonobacter	0.0040	1	8	NA	0.0000	0.0000	0.0000	0.0000	0.0321	0.0000	0.0000	0.0000
Aquimarina	0.0039	1	8	NA	0.0000	0.0000	0.0000	0.0000	0.0000	0.0000	0.0313	0.0000
TG-45	0.0039	2	8	2.115	0.0000	0.0000	0.0082	0.0000	0.0000	0.0231	0.0000	0.0000
Candidatus Amoebophilus	0.0038	3	8	1.623	0.0000	0.0000	0.0061	0.0000	0.0173	0.0073	0.0000	0.0000
Inhella	0.0038	1	8	NA	0.0000	0.0000	0.0306	0.0000	0.0000	0.0000	0.0000	0.0000
Saprospira	0.0038	1	8	NA	0.0000	0.0000	0.0000	0.0304	0.0000	0.0000	0.0000	0.0000
Ciceribacter	0.0037	1	8	NA	0.0000	0.0000	0.0000	0.0000	0.0296	0.0000	0.0000	0.0000
DEV008	0.0036	1	8	NA	0.0000	0.0000	0.0000	0.0000	0.0000	0.0292	0.0000	0.0000
oc32	0.0036	1	8	NA	0.0000	0.0000	0.0286	0.0000	0.0000	0.0000	0.0000	0.0000
Singulisphaera	0.0035	1	8	NA	0.0000	0.0000	0.0000	0.0000	0.0000	0.0279	0.0000	0.0000
Isosphaera	0.0034	1	8	NA	0.0000	0.0000	0.0000	0.0000	0.0000	0.0000	0.0274	0.0000
Amphiplicatus	0.0034	1	8	NA	0.0000	0.0000	0.0000	0.0000	0.0271	0.0000	0.0000	0.0000
Novosphingobium	0.0034	1	8	NA	0.0000	0.0000	0.0000	0.0000	0.0271	0.0000	0.0000	0.0000
Filomicrobium	0.0033	2	8	1.858	0.0000	0.0000	0.0143	0.0000	0.0123	0.0000	0.0000	0.0000
possible genus 04	0.0031	3	8	1.551	0.0000	0.0000	0.0041	0.0000	0.0123	0.0085	0.0000	0.0000
CENA384	0.0031	1	8	NA	0.0000	0.0000	0.0000	0.0000	0.0247	0.0000	0.0000	0.0000
Pseudorhodoplanes	0.0031	1	8	NA	0.0000	0.0000	0.0000	0.0000	0.0247	0.0000	0.0000	0.0000
Minicystis	0.0031	1	8	NA	0.0000	0.0000	0.0245	0.0000	0.0000	0.0000	0.0000	0.0000
Sva0081 sediment group	0.0030	1	8	NA	0.0000	0.0240	0.0000	0.0000	0.0000	0.0000	0.0000	0.0000
Odoribacter	0.0030	2	8	2.325	0.0000	0.0000	0.0041	0.0000	0.0197	0.0000	0.0000	0.0000
Fibrella	0.0029	2	8	2.362	0.0000	0.0000	0.0000	0.0000	0.0000	0.0036	0.0195	0.0000
Thiomonas	0.0028	1	8	NA	0.0000	0.0000	0.0224	0.0000	0.0000	0.0000	0.0000	0.0000
Phormidium MBIC10003	0.0028	1	8	NA	0.0000	0.0000	0.0000	0.0000	0.0222	0.0000	0.0000	0.0000
Roseospirillum	0.0028	2	8	1.989	0.0000	0.0000	0.0000	0.0000	0.0148	0.0073	0.0000	0.0000
Williamsia	0.0027	1	8	NA	0.0000	0.0000	0.0000	0.0000	0.0000	0.0219	0.0000	0.0000
Bacteroides	0.0026	1	8	NA	0.0000	0.0000	0.0000	0.0000	0.0000	0.0207	0.0000	0.0000
Quadrisphaera	0.0026	1	8	NA	0.0000	0.0000	0.0000	0.0000	0.0000	0.0207	0.0000	0.0000
Oxalicibacterium	0.0025	1	8	NA	0.0000	0.0000	0.0204	0.0000	0.0000	0.0000	0.0000	0.0000
Prosthecomicrobium	0.0025	1	8	NA	0.0000	0.0000	0.0204	0.0000	0.0000	0.0000	0.0000	0.0000
Zoogloea	0.0025	1	8	NA	0.0000	0.0000	0.0204	0.0000	0.0000	0.0000	0.0000	0.0000
Moorea	0.0025	1	8	NA	0.0000	0.0000	0.0000	0.0202	0.0000	0.0000	0.0000	0.0000
Aliterella	0.0025	1	8	NA	0.0000	0.0000	0.0000	0.0000	0.0197	0.0000	0.0000	0.0000
Kouleothrix	0.0024	1	8	NA	0.0000	0.0000	0.0000	0.0000	0.0000	0.0000	0.0195	0.0000
Magnetospirillum	0.0023	2	8	1.858	0.0000	0.0000	0.0000	0.0000	0.0099	0.0085	0.0000	0.0000
Duganella	0.0023	1	8	NA	0.0000	0.0000	0.0184	0.0000	0.0000	0.0000	0.0000	0.0000
Glaciecola	0.0023	1	8	NA	0.0000	0.0000	0.0184	0.0000	0.0000	0.0000	0.0000	0.0000
Kineococcus	0.0023	1	8	NA	0.0000	0.0000	0.0000	0.0000	0.0000	0.0182	0.0000	0.0000
Oscillatoria PCC-10802	0.0023	1	8	NA	0.0000	0.0000	0.0000	0.0000	0.0000	0.0182	0.0000	0.0000
Gemmobacter	0.0022	1	8	NA	0.0000	0.0000	0.0000	0.0000	0.0173	0.0000	0.0000	0.0000
Parablastomonas	0.0022	1	8	NA	0.0000	0.0000	0.0000	0.0000	0.0173	0.0000	0.0000	0.0000
Jatrophihabitans	0.0021	1	8	NA	0.0000	0.0000	0.0000	0.0000	0.0000	0.0170	0.0000	0.0000
Kamptonema PCC-6407	0.0021	1	8	NA	0.0000	0.0000	0.0000	0.0000	0.0000	0.0170	0.0000	0.0000
Rubribacterium	0.0021	1	8	NA	0.0000	0.0000	0.0000	0.0000	0.0000	0.0170	0.0000	0.0000
Myroides	0.0020	1	8	NA	0.0000	0.0000	0.0163	0.0000	0.0000	0.0000	0.0000	0.0000
Sandaracinus	0.0020	1	8	NA	0.0000	0.0000	0.0163	0.0000	0.0000	0.0000	0.0000	0.0000
Lacihabitans	0.0020	2	8	1.920	0.0000	0.0000	0.0000	0.0000	0.0099	0.0061	0.0000	0.0000
Polyangium	0.0020	1	8	NA	0.0000	0.0000	0.0000	0.0000	0.0000	0.0158	0.0000	0.0000
OLB13	0.0020	1	8	NA	0.0000	0.0000	0.0000	0.0000	0.0000	0.0000	0.0156	0.0000
Parasediminibacterium	0.0018	1	8	NA	0.0000	0.0000	0.0000	0.0000	0.0148	0.0000	0.0000	0.0000
Sunxiuqinia	0.0018	1	8	NA	0.0000	0.0000	0.0000	0.0000	0.0148	0.0000	0.0000	0.0000
Tropicimonas	0.0018	1	8	NA	0.0000	0.0000	0.0000	0.0000	0.0148	0.0000	0.0000	0.0000
Chryseolinea	0.0018	1	8	NA	0.0000	0.0000	0.0000	0.0000	0.0000	0.0146	0.0000	0.0000
Methylovulum	0.0018	1	8	NA	0.0000	0.0000	0.0000	0.0000	0.0000	0.0146	0.0000	0.0000
Paludisphaera	0.0018	1	8	NA	0.0000	0.0000	0.0000	0.0000	0.0000	0.0146	0.0000	0.0000
Promicromonospora	0.0018	1	8	NA	0.0000	0.0000	0.0000	0.0000	0.0000	0.0146	0.0000	0.0000
Rhodocytophaga	0.0018	1	8	NA	0.0000	0.0000	0.0000	0.0000	0.0000	0.0146	0.0000	0.0000
Spirochaeta	0.0018	1	8	NA	0.0000	0.0000	0.0000	0.0000	0.0000	0.0146	0.0000	0.0000
Chitinibacter	0.0018	1	8	NA	0.0000	0.0000	0.0143	0.0000	0.0000	0.0000	0.0000	0.0000
Chitinophaga	0.0018	1	8	NA	0.0000	0.0000	0.0143	0.0000	0.0000	0.0000	0.0000	0.0000
Methylotenera	0.0018	1	8	NA	0.0000	0.0000	0.0143	0.0000	0.0000	0.0000	0.0000	0.0000
Schizothrix LEGE 07164	0.0018	2	8	1.878	0.0000	0.0000	0.0082	0.0000	0.0000	0.0061	0.0000	0.0000
Anaerovorax	0.0017	2	8	2.048	0.0000	0.0000	0.0041	0.0000	0.0000	0.0097	0.0000	0.0000
Roseimicrobium	0.0017	1	8	NA	0.0000	0.0000	0.0000	0.0000	0.0000	0.0134	0.0000	0.0000
Sediminispirochaeta	0.0017	1	8	NA	0.0000	0.0000	0.0000	0.0000	0.0000	0.0134	0.0000	0.0000
Serratia	0.0017	1	8	NA	0.0000	0.0000	0.0000	0.0000	0.0000	0.0134	0.0000	0.0000
Ferrithrix	0.0015	1	8	NA	0.0000	0.0000	0.0000	0.0000	0.0123	0.0000	0.0000	0.0000
Lachnospiraceae UCG-007	0.0015	1	8	NA	0.0000	0.0000	0.0000	0.0000	0.0123	0.0000	0.0000	0.0000
Methyloceanibacter	0.0015	1	8	NA	0.0000	0.0000	0.0000	0.0000	0.0123	0.0000	0.0000	0.0000
Paracoccus	0.0015	1	8	NA	0.0000	0.0000	0.0000	0.0000	0.0123	0.0000	0.0000	0.0000
Amnipila	0.0015	1	8	NA	0.0000	0.0000	0.0122	0.0000	0.0000	0.0000	0.0000	0.0000
Methylomicrobium	0.0015	1	8	NA	0.0000	0.0000	0.0122	0.0000	0.0000	0.0000	0.0000	0.0000
Peptococcus	0.0015	1	8	NA	0.0000	0.0000	0.0122	0.0000	0.0000	0.0000	0.0000	0.0000
Blattabacterium	0.0015	1	8	NA	0.0000	0.0000	0.0000	0.0000	0.0000	0.0122	0.0000	0.0000
Rudaea	0.0015	1	8	NA	0.0000	0.0000	0.0000	0.0000	0.0000	0.0122	0.0000	0.0000
Verruc-01	0.0015	1	8	NA	0.0000	0.0000	0.0000	0.0000	0.0000	0.0000	0.0117	0.0000
Agathobacter	0.0014	1	8	NA	0.0000	0.0000	0.0000	0.0000	0.0000	0.0109	0.0000	0.0000
Calenema	0.0014	1	8	NA	0.0000	0.0000	0.0000	0.0000	0.0000	0.0109	0.0000	0.0000
OM43 clade	0.0014	1	8	NA	0.0000	0.0000	0.0000	0.0000	0.0000	0.0109	0.0000	0.0000
Amantichitinum	0.0013	1	8	NA	0.0000	0.0000	0.0102	0.0000	0.0000	0.0000	0.0000	0.0000
Chromobacterium	0.0013	1	8	NA	0.0000	0.0000	0.0102	0.0000	0.0000	0.0000	0.0000	0.0000
Massilia	0.0013	1	8	NA	0.0000	0.0000	0.0102	0.0000	0.0000	0.0000	0.0000	0.0000
Rivicola	0.0013	1	8	NA	0.0000	0.0000	0.0102	0.0000	0.0000	0.0000	0.0000	0.0000
Aridibacter	0.0013	2	8	1.899	0.0000	0.0000	0.0041	0.0000	0.0000	0.0061	0.0000	0.0000
Arcticibacter	0.0012	1	8	NA	0.0000	0.0000	0.0000	0.0000	0.0099	0.0000	0.0000	0.0000
Azospirillum	0.0012	1	8	NA	0.0000	0.0000	0.0000	0.0000	0.0099	0.0000	0.0000	0.0000
Candidatus Clavichlamydia	0.0012	1	8	NA	0.0000	0.0000	0.0000	0.0000	0.0099	0.0000	0.0000	0.0000
Cyclobacterium	0.0012	1	8	NA	0.0000	0.0000	0.0000	0.0000	0.0099	0.0000	0.0000	0.0000
Modicisalibacter	0.0012	1	8	NA	0.0000	0.0000	0.0000	0.0000	0.0099	0.0000	0.0000	0.0000
LS-NOB	0.0012	1	8	NA	0.0000	0.0000	0.0000	0.0000	0.0000	0.0097	0.0000	0.0000
SU2 symbiont group	0.0012	1	8	NA	0.0000	0.0000	0.0000	0.0000	0.0000	0.0097	0.0000	0.0000
Terrimicrobium	0.0012	1	8	NA	0.0000	0.0000	0.0000	0.0000	0.0000	0.0097	0.0000	0.0000
Algivirga	0.0012	1	8	NA	0.0000	0.0096	0.0000	0.0000	0.0000	0.0000	0.0000	0.0000
Clostridium sensu stricto 5	0.0011	1	8	NA	0.0000	0.0000	0.0000	0.0000	0.0000	0.0085	0.0000	0.0000
Eisenibacter	0.0011	1	8	NA	0.0000	0.0000	0.0000	0.0000	0.0000	0.0085	0.0000	0.0000
Microseira Carmichael-Alabama	0.0011	1	8	NA	0.0000	0.0000	0.0000	0.0000	0.0000	0.0085	0.0000	0.0000
Parachlamydia	0.0011	1	8	NA	0.0000	0.0000	0.0000	0.0000	0.0000	0.0085	0.0000	0.0000
Tepidisphaera	0.0011	1	8	NA	0.0000	0.0000	0.0000	0.0000	0.0000	0.0085	0.0000	0.0000
Geitlerinema PCC-7105	0.0010	1	8	NA	0.0000	0.0000	0.0082	0.0000	0.0000	0.0000	0.0000	0.0000
Halioglobus	0.0010	1	8	NA	0.0000	0.0000	0.0082	0.0000	0.0000	0.0000	0.0000	0.0000
Methanosphaera	0.0010	1	8	NA	0.0000	0.0000	0.0000	0.0000	0.0000	0.0000	0.0078	0.0000
OM27 clade	0.0010	1	8	NA	0.0000	0.0000	0.0000	0.0000	0.0000	0.0000	0.0078	0.0000
Bernardetia	0.0009	1	8	NA	0.0000	0.0000	0.0000	0.0000	0.0074	0.0000	0.0000	0.0000
Brevifollis	0.0009	1	8	NA	0.0000	0.0000	0.0000	0.0000	0.0074	0.0000	0.0000	0.0000
Pedobacter	0.0009	1	8	NA	0.0000	0.0000	0.0000	0.0000	0.0074	0.0000	0.0000	0.0000
Labrys	0.0009	1	8	NA	0.0000	0.0000	0.0000	0.0000	0.0000	0.0073	0.0000	0.0000
Niabella	0.0009	1	8	NA	0.0000	0.0000	0.0000	0.0000	0.0000	0.0073	0.0000	0.0000
Vogesella	0.0009	1	8	NA	0.0000	0.0000	0.0000	0.0000	0.0000	0.0073	0.0000	0.0000
Tyzzerella	0.0008	1	8	NA	0.0000	0.0000	0.0061	0.0000	0.0000	0.0000	0.0000	0.0000
Anaeromusa-Anaeroarcus	0.0008	1	8	NA	0.0000	0.0000	0.0000	0.0000	0.0000	0.0061	0.0000	0.0000
Hyphomonas	0.0008	1	8	NA	0.0000	0.0000	0.0000	0.0000	0.0000	0.0061	0.0000	0.0000
Methylobacter	0.0008	1	8	NA	0.0000	0.0000	0.0000	0.0000	0.0000	0.0061	0.0000	0.0000
Neosynechococcus	0.0008	1	8	NA	0.0000	0.0000	0.0000	0.0000	0.0000	0.0061	0.0000	0.0000
Alterococcus	0.0006	1	8	NA	0.0000	0.0000	0.0000	0.0000	0.0000	0.0049	0.0000	0.0000
Gloeobacter PCC-7421	0.0006	1	8	NA	0.0000	0.0000	0.0000	0.0000	0.0000	0.0049	0.0000	0.0000
Hymenobacter	0.0006	1	8	NA	0.0000	0.0000	0.0000	0.0000	0.0000	0.0049	0.0000	0.0000
Mangrovibacterium	0.0006	1	8	NA	0.0000	0.0000	0.0000	0.0000	0.0000	0.0049	0.0000	0.0000
Anaerosporomusa	0.0005	1	8	NA	0.0000	0.0000	0.0041	0.0000	0.0000	0.0000	0.0000	0.0000
Blvii28 wastewater-sludge group	0.0005	1	8	NA	0.0000	0.0000	0.0041	0.0000	0.0000	0.0000	0.0000	0.0000
Coxiella	0.0005	1	8	NA	0.0000	0.0000	0.0041	0.0000	0.0000	0.0000	0.0000	0.0000
Plantactinospora	0.0005	1	8	NA	0.0000	0.0000	0.0041	0.0000	0.0000	0.0000	0.0000	0.0000
Desulfovibrio	0.0005	1	8	NA	0.0000	0.0000	0.0000	0.0000	0.0000	0.0036	0.0000	0.0000
Aetherobacter	0.0003	1	8	NA	0.0000	0.0000	0.0000	0.0000	0.0000	0.0024	0.0000	0.0000
Ancalomicrobium	0.0003	1	8	NA	0.0000	0.0000	0.0020	0.0000	0.0000	0.0000	0.0000	0.0000
Candidatus Ovatusbacter	0.0003	1	8	NA	0.0000	0.0000	0.0020	0.0000	0.0000	0.0000	0.0000	0.0000
